id;control;cultivar;1970;1971;1972;1973;1974;1975;1976;1977;1978;1979;1980;1981;1982;1983;1984;1985;1986;1987;1988;1989;1990;1991;1992;1993;1994;1995;1996;1997;1998;1999;2000;2001;2002;2003;2004;2005;2006;2007;2008;2009;2010;2011;2012;2013;2014;2015;2016;2017;2018;2019;2020;2021;2022;2023
1;TINTAS;TINTAS;10.448.228,00;11.012.833,00;10.798.824,00;8.213.674,00;17.457.849,00;22.593.885,00;20.265.190,00;24.830.345,00;21.984.546,00;25.805.939,00;17.369.967,00;27.976.307,00;31.912.172,00;22.168.465,00;22.290.855,00;30.195.343,00;18.736.158,00;17.213.860,00;25.753.888,00;24.032.041,00;24.795.507,00;18.045.593,00;22.146.466,00;21.189.308,00;24.444.665,00;19.451.024,00;19.313.252,00;19.980.696,00;13.590.968,00;18.051.102,00;23.975.805,00;17.853.113,00;19.059.959,00;22.281.079,00;35.135.485,00;41.398.115,00;34.162.995,00;43.653.087,00;48.852.574,00;39.148.123,00;23.633.831,00;44.473.588,00;39.303.313,00;36.855.419,00;29.810.706,00;29.935.627,00;13.370.866,00;32.850.915,00;26.868.514,00;0;28.003.505,00;93.296.587,00;0;35.881.118,23
2;ti_Alicante Bouschet;Alicante Bouschet;0,00;0,00;0,00;0,00;0,00;0,00;0,00;0,00;0,00;0,00;0,00;0,00;0,00;0,00;3.226,00;6.807,00;6.677,00;16.210,00;8.203,00;46.923,00;46.983,00;0,00;0,00;54.266,00;6.525,00;66.194,00;65.322,00;67.471,00;64.396,00;102.174,00;160.318,00;160.966,00;216.461,00;320.853,00;626.500,00;1.076.865,00;1.078.887,00;1.775.837,00;1.588.326,00;1.652.912,00;849.263,00;2.130.579,00;2.098.824,00;1.524.728,00;1.456.305,00;1.519.576,00;908.841,00;2.040.198,00;2.103.844,00;0;2.272.985,00;811.140,00;0;4.108.858,21
3;ti_Ancelota;Ancelota;0,00;0,00;0,00;0,00;0,00;0,00;0,00;0,00;0,00;0,00;0,00;0,00;0,00;0,00;0,00;0,00;0,00;0,00;0,00;0,00;0,00;0,00;0,00;0,00;0,00;0,00;0,00;0,00;0,00;0,00;26.088,00;47.013,00;64.318,00;218.623,00;604.797,00;861.431,00;872.741,00;1.532.209,00;1.709.883,00;1.370.728,00;853.718,00;1.346.552,00;1.274.677,00;1.137.943,00;937.844,00;773.526,00;179.028,00;733.907,00;492.106,00;0;481.402,00;6.513.974,00;0;783.688,39
4;ti_Aramon;Aramon;0,00;0,00;0,00;0,00;0,00;0,00;0,00;0,00;0,00;0,00;0,00;0,00;0,00;0,00;0,00;37.384,00;0,00;0,00;0,00;0,00;0,00;0,00;0,00;0,00;0,00;0,00;0,00;0,00;0,00;0,00;0,00;0,00;0,00;0,00;0,00;0,00;0,00;0,00;0,00;0,00;0,00;0,00;0,00;0,00;0,00;0,00;0,00;0,00;0,00;0;0,00;0,00;0;0,00
5;ti_Alfrocheiro;Alfrocheiro;0,00;0,00;0,00;0,00;0,00;0,00;0,00;0,00;0,00;0,00;0,00;0,00;0,00;0,00;0,00;0,00;0,00;0,00;0,00;0,00;0,00;0,00;0,00;0,00;0,00;0,00;0,00;0,00;0,00;0,00;0,00;0,00;0,00;0,00;13.986,00;19.473,00;43.396,00;20.509,00;25.310,00;31.168,00;0,00;4.320,00;0,00;0,00;0,00;0,00;0,00;0,00;0,00;0;0,00;0,00;0;0,00
6;ti_Arinarnoa;Arinarnoa;0,00;0,00;0,00;0,00;0,00;0,00;0,00;0,00;0,00;0,00;0,00;0,00;0,00;0,00;0,00;0,00;0,00;0,00;0,00;0,00;0,00;0,00;0,00;0,00;0,00;0,00;0,00;0,00;0,00;0,00;0,00;0,00;0,00;0,00;0,00;7.394,00;11.480,00;24.878,00;12.686,00;39.607,00;35.790,00;49.376,00;81.026,00;65.001,00;56.666,00;61.817,00;17.691,00;69.757,00;44.775,00;0;90.860,00;2.785.609,00;0;147.979,40
7;ti_Aspirant Bouschet;Aspirant Bouschet;0,00;0,00;0,00;0,00;0,00;0,00;0,00;0,00;0,00;0,00;0,00;0,00;0,00;0,00;0,00;0,00;0,00;0,00;0,00;0,00;0,00;0,00;0,00;0,00;0,00;0,00;0,00;0,00;0,00;0,00;0,00;0,00;0,00;0,00;0,00;0,00;0,00;0,00;0,00;0,00;0,00;2.258,00;7.448,00;3.650,00;7.091,00;8.859,00;12.901,00;18.086,00;12.830,00;0;34.513,00;15.691.137,00;0;138.338,00
8;ti_Barbera;Barbera;4.548.313,00;3.971.627,00;4.035.482,00;3.152.247,00;8.334.170,00;9.017.873,00;7.406.493,00;9.426.011,00;7.621.931,00;8.756.427,00;6.230.235,00;9.078.325,00;11.552.200,00;7.521.496,00;5.947.760,00;7.290.172,00;3.553.090,00;2.845.387,00;4.447.914,00;3.414.379,00;2.587.150,00;1.449.146,00;1.703.396,00;999.104,00;978.852,00;559.435,00;594.591,00;342.488,00;183.269,00;149.019,00;397.479,00;142.690,00;107.641,00;87.309,00;104.139,00;92.672,00;57.116,00;68.946,00;92.279,00;70.932,00;26.044,00;76.397,00;47.549,00;40.630,00;19.514,00;19.980,00;14.738,00;24.218,00;21.863,00;0;12.349,00;437.640,00;0;35.292,00
9;ti_Bonarda;Bonarda;1.631.610,00;1.868.929,00;1.875.069,00;885.582,00;1.888.558,00;2.564.146,00;2.280.229,00;2.963.398,00;2.237.040,00;2.396.836,00;1.120.992,00;2.516.029,00;2.210.953,00;1.502.343,00;1.164.038,00;1.754.291,00;877.037,00;658.716,00;639.841,00;657.726,00;586.098,00;236.195,00;400.909,00;237.867,00;282.711,00;139.404,00;146.851,00;51.131,00;33.225,00;88.710,00;67.152,00;47.406,00;22.983,00;18.445,00;24.322,00;21.021,00;3.843,00;6.207,00;7.640,00;2.320,00;0,00;250,00;1.114,00;0,00;0,00;0,00;0,00;0,00;0,00;0;0,00;3.110,00;0;7.800,00
10;ti_Cabernet Franc;Cabernet Franc;238.837,00;324.924,00;572.871,00;1.360.672,00;2.909.343,00;4.262.538,00;4.813.859,00;6.615.376,00;5.575.835,00;6.800.089,00;5.152.023,00;8.414.657,00;8.730.177,00;7.437.092,00;7.286.708,00;10.342.293,00;6.403.968,00;6.616.589,00;9.129.403,00;7.962.486,00;7.568.645,00;4.935.095,00;5.462.304,00;4.447.660,00;4.788.430,00;4.284.749,00;4.341.461,00;3.420.121,00;2.588.929,00;2.910.807,00;4.419.829,00;2.989.553,00;2.856.507,00;3.022.334,00;3.855.570,00;3.869.854,00;3.285.083,00;4.081.725,00;4.008.067,00;3.365.865,00;2.125.997,00;2.741.150,00;2.594.675,00;2.452.229,00;1.894.496,00;1.981.004,00;820.996,00;2.116.893,00;1.524.191,00;0;1.506.219,00;16.626.545,00;0;2.152.213,13
11;ti_Cabernet Sauvignon;Cabernet Sauvignon;0,00;0,00;0,00;0,00;0,00;0,00;0,00;0,00;0,00;0,00;0,00;0,00;0,00;7.700,00;46.979,00;149.527,00;539.711,00;827.942,00;1.980.401,00;2.750.321,00;2.951.138,00;3.028.297,00;3.867.213,00;4.918.761,00;5.219.793,00;4.169.965,00;3.993.137,00;4.936.654,00;3.564.802,00;4.490.054,00;4.591.561,00;3.833.890,00;4.752.282,00;6.043.710,00;10.980.458,00;12.821.241,00;12.063.009,00;14.489.153,00;16.646.632,00;13.229.864,00;6.617.553,00;13.039.126,00;11.355.820,00;10.651.084,00;8.556.337,00;7.426.634,00;3.877.852,00;7.242.258,00;6.004.627,00;0;5.889.427,00;1.857.999,00;0;5.917.172,94
12;ti_ Caladoc;Caladoc;0,00;0,00;0,00;0,00;0,00;0,00;0,00;0,00;0,00;0,00;0,00;0,00;0,00;0,00;0,00;0,00;0,00;0,00;0,00;0,00;0,00;0,00;0,00;0,00;0,00;0,00;0,00;0,00;0,00;0,00;0,00;0,00;0,00;0,00;0,00;0,00;240,00;1.100,00;0,00;0,00;0,00;0,00;0,00;2.480,00;3.300,00;4.000,00;2.180,00;8.500,00;4.740,00;0;5.230,00;108.600,00;0;8.310,00
13;ti_Campanario;Campanario;0,00;0,00;0,00;0,00;0,00;0,00;0,00;0,00;0,00;0,00;0,00;0,00;0,00;0,00;910,00;1.660,00;845,00;1.090,00;2.900,00;1.920,00;0,00;0,00;0,00;0,00;0,00;0,00;17.045,00;0,00;0,00;0,00;0,00;0,00;0,00;0,00;0,00;0,00;0,00;0,00;0,00;0,00;0,00;0,00;0,00;0,00;0,00;0,00;0,00;0,00;0,00;0;0,00;0,00;0;0,00
14;ti_Canaiolo;Canaiolo;596.766,00;607.921,00;552.841,00;257.854,00;372.657,00;730.961,00;300.405,00;467.572,00;423.578,00;987.080,00;475.017,00;701.411,00;812.569,00;403.013,00;345.227,00;455.665,00;271.645,00;139.047,00;266.265,00;182.381,00;131.742,00;218.689,00;222.229,00;35.348,00;29.646,00;16.364,00;11.404,00;2.095,00;1.354,00;1.961,00;4.927,00;47.142,00;500,00;170,00;2.299,00;0,00;0,00;0,00;0,00;0,00;0,00;0,00;0,00;0,00;0,00;0,00;0,00;0,00;0,00;0;0,00;0,00;0;0,00
15;ti_Carignan;Carignan;0,00;11.796,00;7.537,00;5.693,00;4.535,00;0,00;0,00;0,00;3.231,00;2.621,00;0,00;0,00;406,00;463,00;546,00;1.733,00;1.508,00;359,00;128.366,00;0,00;0,00;48.657,00;0,00;0,00;15.582,00;5.784,00;10.777,00;176,00;0,00;0,00;0,00;20.838,00;0,00;0,00;0,00;0,00;0,00;0,00;0,00;0,00;0,00;0,00;0,00;0,00;0,00;0,00;0,00;0,00;0,00;0;0,00;0,00;0;0,00
16;ti_Carmenere;Carmenere;1.235,00;18.288,00;22.154,00;4.150,00;33.114,00;54.120,00;35.879,00;96.442,00;149.018,00;100.811,00;70.779,00;132.650,00;102.813,00;19.499,00;123.660,00;89.699,00;61.422,00;41.224,00;35.458,00;15.236,00;55.499,00;23.812,00;8.743,00;3.393,00;1.748,00;10.722,00;878,00;11.115,00;10.100,00;15.050,00;26.460,00;4.120,00;49.380,00;131.949,00;265.819,00;386.202,00;234.940,00;328.254,00;223.269,00;130.269,00;85.264,00;50.125,00;48.990,00;44.414,00;66.632,00;134.180,00;87.402,00;69.275,00;241.808,00;0;184.268,00;76.625,00;0;14.359,80
17;ti_Castelão;Castelão;0,00;0,00;0,00;0,00;0,00;0,00;0,00;0,00;0,00;0,00;0,00;0,00;0,00;0,00;0,00;0,00;0,00;0,00;0,00;0,00;0,00;0,00;0,00;0,00;0,00;0,00;0,00;0,00;0,00;0,00;0,00;0,00;0,00;0,00;468,00;494,00;494,00;487,00;23.252,00;16.240,00;16.230,00;26.790,00;0,00;0,00;0,00;0,00;0,00;0,00;0,00;0;0,00;0,00;0;0,00
18;ti_Corvina;Corvina;0,00;0,00;0,00;0,00;0,00;0,00;0,00;0,00;0,00;0,00;0,00;0,00;0,00;0,00;0,00;0,00;0,00;0,00;0,00;0,00;0,00;0,00;0,00;0,00;0,00;0,00;0,00;0,00;0,00;0,00;0,00;0,00;0,00;0,00;0,00;0,00;0,00;0,00;710,00;680,00;100,00;1.110,00;1.200,00;1.382,00;1.406,00;1.397,00;419,00;1.890,00;0,00;0;2.220,00;69.910,00;0;2.200,00
19;ti_Croatina;Croatina;0,00;0,00;0,00;0,00;0,00;0,00;0,00;0,00;0,00;0,00;0,00;0,00;0,00;0,00;0,00;0,00;0,00;0,00;0,00;0,00;0,00;0,00;0,00;0,00;0,00;0,00;0,00;0,00;0,00;0,00;0,00;0,00;0,00;0,00;800,00;760,00;3.012,00;4.700,00;0,00;0,00;0,00;0,00;0,00;0,00;0,00;0,00;0,00;0,00;0,00;0;0,00;0,00;0;0,00
20;ti_Cinsaut;Cinsaut;0,00;0,00;0,00;0,00;0,00;0,00;0,00;0,00;0,00;0,00;0,00;4.148,00;6.229,00;11.047,00;13.522,00;7.195,00;2.446,00;5.871,00;22.362,00;24.663,00;27.386,00;17.020,00;13.230,00;17.745,00;18.060,00;9.500,00;243.012,00;6.000,00;5.700,00;14.800,00;0,00;0,00;0,00;0,00;0,00;0,00;0,00;0,00;0,00;0,00;0,00;0,00;0,00;0,00;0,00;0,00;0,00;3.430,00;0,00;0;0,00;0,00;0;0,00
21;ti_Dom Felder;Dom Felder;0,00;0,00;0,00;0,00;0,00;0,00;0,00;0,00;0,00;0,00;0,00;0,00;0,00;0,00;0,00;0,00;0,00;0,00;0,00;0,00;0,00;0,00;0,00;0,00;0,00;0,00;0,00;0,00;0,00;0,00;0,00;0,00;0,00;0,00;0,00;0,00;0,00;17.590,00;0,00;0,00;0,00;0,00;0,00;0,00;0,00;0,00;0,00;0,00;0,00;0;0,00;0,00;0;0,00
22;ti_Dolcetto;Dolcetto;0,00;0,00;0,00;0,00;0,00;0,00;0,00;0,00;0,00;0,00;0,00;0,00;0,00;0,00;0,00;0,00;0,00;0,00;0,00;0,00;0,00;0,00;0,00;0,00;0,00;0,00;0,00;0,00;0,00;0,00;0,00;0,00;0,00;0,00;4.496,00;5.634,00;0,00;0,00;0,00;0,00;0,00;0,00;0,00;0,00;0,00;0,00;0,00;0,00;0,00;0;0,00;0,00;0;0,00
23;ti_Durif;Durif;0,00;0,00;0,00;0,00;0,00;0,00;0,00;0,00;0,00;0,00;0,00;11.134,00;7.496,00;3.052,00;0,00;0,00;0,00;0,00;0,00;0,00;0,00;0,00;0,00;0,00;0,00;0,00;0,00;0,00;0,00;0,00;0,00;0,00;0,00;0,00;0,00;0,00;0,00;0,00;0,00;0,00;0,00;0,00;0,00;0,00;0,00;0,00;0,00;0,00;0,00;0;0,00;0,00;0;0,00
24;ti_Egiodola;Egiodola;0,00;0,00;0,00;0,00;0,00;0,00;0,00;0,00;0,00;0,00;0,00;0,00;0,00;0,00;0,00;0,00;0,00;0,00;0,00;0,00;0,00;0,00;0,00;0,00;0,00;0,00;0,00;0,00;0,00;188.625,00;325.911,00;373.345,00;512.792,00;625.861,00;859.275,00;1.070.153,00;899.584,00;1.265.676,00;1.366.406,00;1.157.679,00;845.205,00;1.544.746,00;992.241,00;1.059.250,00;911.280,00;1.053.654,00;519.874,00;1.567.341,00;1.047.960,00;0;1.067.591,00;6.322.152,00;0;1.439.539,80
25;ti_Ekigaina;Ekigaina;0,00;0,00;0,00;0,00;0,00;0,00;0,00;0,00;0,00;0,00;0,00;0,00;0,00;0,00;0,00;0,00;0,00;0,00;0,00;0,00;0,00;0,00;0,00;0,00;0,00;0,00;0,00;0,00;0,00;0,00;0,00;0,00;0,00;0,00;0,00;0,00;0,00;0,00;1.720,00;0,00;0,00;1.350,00;2.630,00;1.720,00;600,00;1.090,00;0,00;1.340,00;2.070,00;0;1.990,00;2.202.348,00;0;1.000,00
26;ti_Festival (Sugraone);Festival (Sugraone);0,00;0,00;0,00;0,00;0,00;0,00;0,00;0,00;0,00;0,00;0,00;0,00;0,00;0,00;0,00;0,00;0,00;0,00;0,00;0,00;0,00;0,00;0,00;0,00;0,00;0,00;0,00;0,00;0,00;0,00;0,00;0,00;0,00;0,00;0,00;0,00;0,00;0,00;0,00;0,00;0,00;18.007,00;0,00;0,00;0,00;0,00;0,00;0,00;0,00;0;0,00;0,00;0;0,00
27;ti_Franconia;Franconia;0,00;0,00;0,00;0,00;0,00;0,00;0,00;0,00;0,00;0,00;0,00;0,00;0,00;0,00;0,00;0,00;0,00;0,00;0,00;0,00;0,00;0,00;0,00;0,00;0,00;0,00;0,00;0,00;0,00;0,00;0,00;0,00;0,00;0,00;0,00;0,00;0,00;3.633,00;0,00;0,00;9.310,00;0,00;0,00;0,00;0,00;0,00;0,00;0,00;0,00;0;0,00;0,00;0;0,00
28;ti_Freisa;Freisa;1.661,00;1.519,00;1.005,00;0,00;713,00;1.713,00;1.098,00;0,00;0,00;382,00;0,00;0,00;0,00;213,00;0,00;4.208,00;0,00;0,00;0,00;0,00;0,00;0,00;0,00;0,00;0,00;0,00;0,00;0,00;0,00;0,00;0,00;0,00;0,00;0,00;0,00;0,00;0,00;6.727,00;0,00;0,00;0,00;0,00;0,00;0,00;41.403,00;24.452,00;0,00;22.610,00;14.020,00;0;25.330,00;0,00;0;0,00
29;ti_Gamay St Romain;Gamay St Romain;0,00;0,00;189,00;0,00;0,00;3.498,00;0,00;1.226,00;14.517,00;37.287,00;52.878,00;167.142,00;298.609,00;430.780,00;519.843,00;895.817,00;788.089,00;603.449,00;777.214,00;735.344,00;399.023,00;255.846,00;297.597,00;253.209,00;137.064,00;20.523,00;66.767,00;140.363,00;154.220,00;569.713,00;86.966,00;55.041,00;46.993,00;40.051,00;32.533,00;64.571,00;22.755,00;45.266,00;59.576,00;38.260,00;44.153,00;20.830,00;10.995,00;11.615,00;11.180,00;31.935,00;0,00;12.835,00;12.675,00;0;0,00;0,00;0;0,00
30;ti_Gamay Beaujolais;Gamay Beaujolais;0,00;0,00;0,00;0,00;0,00;0,00;0,00;0,00;0,00;0,00;0,00;0,00;0,00;0,00;0,00;48.410,00;0,00;0,00;447.830,00;175.560,00;558.237,00;364.550,00;311.457,00;386.708,00;506.944,00;548.553,00;528.897,00;320.585,00;450.296,00;215.226,00;557.368,00;351.732,00;230.492,00;342.824,00;508.063,00;339.559,00;249.021,00;320.115,00;316.366,00;208.276,00;84.074,00;164.201,00;163.664,00;135.405,00;113.038,00;121.516,00;45.952,00;150.331,00;152.384,00;0;143.278,00;5.375.879,00;0;126.667,00
31;ti_Gra0 Noir;Gra0 Noir;0,00;930,00;603,00;0,00;0,00;3.056,00;1.787,00;0,00;713,00;6.320,00;3.012,00;0,00;0,00;0,00;0,00;27.537,00;21,00;56,00;4.264,00;0,00;0,00;0,00;245,00;410,00;420,00;440,00;378,00;520,00;422,00;0,00;0,00;0,00;459,00;536,00;0,00;0,00;0,00;0,00;0,00;0,00;0,00;0,00;0,00;0,00;0,00;0,00;0,00;0,00;0,00;0;0,00;0,00;0;0,00
32;ti_Grenache;Grenache;19.753,00;22.418,00;18.488,00;4.924,00;19.945,00;30.867,00;1.541,00;15.367,00;13.012,00;6.100,00;6.268,00;12.138,00;17.212,00;12.094,00;16.473,00;0,00;15.851,00;6.043,00;12.090,00;18.136,00;3.289,00;1.305,00;484,00;406,00;0,00;0,00;0,00;0,00;0,00;0,00;298,00;0,00;0,00;0,00;0,00;0,00;0,00;0,00;0,00;0,00;0,00;1.180,00;0,00;0,00;0,00;0,00;0,00;0,00;0,00;0;1.130,00;1.715.870,00;0;830,00
33;ti_Jaen;Jaen;0,00;0,00;0,00;0,00;0,00;0,00;0,00;0,00;0,00;0,00;0,00;0,00;0,00;0,00;0,00;0,00;0,00;0,00;0,00;0,00;0,00;0,00;0,00;0,00;0,00;0,00;0,00;0,00;0,00;0,00;0,00;0,00;0,00;0,00;576,00;2.824,00;4.290,00;215,00;1.037,00;3.642,00;0,00;0,00;0,00;0,00;0,00;0,00;0,00;0,00;0,00;0;0,00;0,00;0;
34;ti_Lagrein;Lagrein;0,00;0,00;0,00;0,00;0,00;0,00;0,00;0,00;0,00;0,00;0,00;0,00;0,00;0,00;0,00;0,00;0,00;0,00;0,00;0,00;0,00;0,00;0,00;0,00;0,00;0,00;0,00;0,00;0,00;0,00;0,00;0,00;0,00;0,00;0,00;0,00;0,00;190,00;420,00;670,00;5.670,00;3.288,00;800,00;15.300,00;750,00;1.400,00;0,00;1.430,00;2.700,00;0;3.020,00;94.970,00;0;3.100,00
35;ti_Lambrusco;Lambrusco;2.259,00;2.670,00;100,00;0,00;0,00;0,00;0,00;0,00;0,00;949,00;3.566,00;13.886,00;300,00;13.145,00;28.317,00;14.360,00;6.245,00;7.887,00;5.543,00;52.860,00;15.560,00;23.396,00;32.453,00;2.985,00;67.420,00;14.287,00;20.805,00;46.645,00;45.240,00;67.305,00;45.815,00;82.657,00;143.175,00;156.548,00;113.831,00;96.040,00;75.631,00;96.068,00;113.388,00;111.537,00;68.480,00;94.480,00;52.740,00;56.120,00;29.890,00;39.990,00;19.784,00;61.779,00;44.511,00;0;29.320,00;3.221.972,00;0;15.620,00
36;ti_Malbec;Malbec;4.097,00;4.884,00;0,00;200,00;6.167,00;2.012,00;1.992,00;2.219,00;2.228,00;2.017,00;0,00;12.745,00;14.466,00;18.205,00;22.839,00;39.347,00;23.431,00;10.121,00;64.701,00;37.043,00;69.305,00;50.169,00;125.463,00;63.531,00;85.941,00;58.659,00;205.117,00;63.518,00;12.977,00;43.135,00;105.730,00;45.079,00;65.886,00;69.353,00;98.686,00;133.965,00;148.733,00;399.928,00;414.138,00;393.256,00;318.059,00;636.608,00;629.019,00;590.041,00;616.160,00;624.096,00;267.885,00;740.327,00;628.780,00;0;493.966,00;8.502.206,00;0;584.140,67
37;ti_Marzemina;Marzemina;62.546,00;66.569,00;138.699,00;49.930,00;136.790,00;132.188,00;129.224,00;132.412,00;94.683,00;191.801,00;91.706,00;108.290,00;88.008,00;115.906,00;231.695,00;352.748,00;159.440,00;162.480,00;244.605,00;203.600,00;143.957,00;106.385,00;105.326,00;93.335,00;84.677,00;55.191,00;49.350,00;42.699,00;1.390,00;0,00;7.765,00;12.261,00;25.121,00;11.607,00;8.303,00;16.200,00;9.185,00;0,00;0,00;0,00;0,00;5.460,00;0,00;0,00;4.180,00;750,00;0,00;0,00;0,00;0;0,00;0,00;0;390,00
38;ti_Merlot;Merlot;185.596,00;164.533,00;198.870,00;263.765,00;1.050.036,00;1.409.406,00;1.538.351,00;2.257.565,00;2.793.801,00;3.240.761,00;1.907.623,00;4.618.249,00;5.762.774,00;3.099.201,00;4.939.522,00;6.965.153,00;4.775.740,00;4.310.762,00;6.278.832,00;6.258.967,00;6.440.525,00;4.275.871,00;5.014.804,00;4.827.232,00;5.881.174,00;4.320.777,00;4.230.298,00;5.443.902,00;3.188.079,00;5.071.616,00;6.223.276,00;4.962.355,00;5.836.525,00;6.826.491,00;9.886.980,00;10.632.174,00;8.449.561,00;11.399.362,00;11.866.618,00;8.876.279,00;6.179.006,00;12.510.489,00;9.645.204,00;10.179.782,00;7.846.034,00;8.030.882,00;3.286.035,00;8.309.646,00;6.257.492,00;0;6.010.486,00;494.356,00;0;7.179.442,11
39;ti_Marselan;Marselan;0,00;0,00;0,00;0,00;0,00;0,00;0,00;0,00;0,00;0,00;0,00;0,00;0,00;0,00;0,00;0,00;0,00;0,00;0,00;0,00;0,00;0,00;0,00;0,00;0,00;0,00;0,00;0,00;0,00;0,00;0,00;0,00;0,00;0,00;0,00;28.868,00;66.815,00;109.574,00;181.823,00;228.360,00;200.025,00;339.023,00;261.314,00;345.504,00;404.323,00;411.105,00;205.095,00;385.945,00;384.278,00;0;449.156,00;154.348,00;0;988.859,85
40;ti_Mistura de uvas viníferas tinto ;Mistura de uvas viníferas tinto ;0,00;0,00;0,00;0,00;0,00;0,00;0,00;0,00;0,00;0,00;0,00;0,00;0,00;0,00;0,00;0,00;0,00;0,00;0,00;0,00;0,00;0,00;0,00;0,00;0,00;0,00;0,00;0,00;0,00;0,00;0,00;0,00;0,00;0,00;0,00;0,00;0,00;0,00;0,00;0,00;0,00;0,00;0,00;0,00;0,00;0,00;0,00;0,00;0,00;0;0,00;0,00;0;700,00
41;ti_Molinera;Molinera;0,00;0,00;0,00;0,00;0,00;0,00;0,00;0,00;0,00;0,00;0,00;0,00;0,00;0,00;0,00;0,00;0,00;0,00;0,00;0,00;0,00;0,00;0,00;0,00;0,00;0,00;0,00;0,00;0,00;0,00;0,00;0,00;0,00;0,00;0,00;0,00;0,00;0,00;692,00;650,00;100,00;1.080,00;990,00;1.009,00;1.023,00;1.080,00;324,00;1.480,00;1.900,00;0;2.198,00;569,00;0;2.600,00
42;ti_Montepulciano;Montepulciano;0,00;0,00;0,00;0,00;0,00;0,00;0,00;0,00;0,00;0,00;0,00;0,00;0,00;0,00;0,00;0,00;0,00;0,00;0,00;0,00;0,00;0,00;0,00;0,00;0,00;0,00;0,00;0,00;0,00;0,00;0,00;0,00;0,00;0,00;20.721,00;21.150,00;24.390,00;30.820,00;34.060,00;21.190,00;17.959,00;21.115,00;27.678,00;41.888,00;26.280,00;25.640,00;13.330,00;28.008,00;23.306,00;0;22.968,00;28.485,00;0;42.503,00
43;ti_Moscato Bailey;Moscato Bailey;0,00;0,00;0,00;0,00;0,00;0,00;0,00;0,00;0,00;0,00;0,00;0,00;0,00;0,00;0,00;0,00;0,00;0,00;0,00;0,00;0,00;0,00;0,00;0,00;0,00;0,00;0,00;0,00;0,00;0,00;0,00;0,00;0,00;0,00;0,00;0,00;0,00;0,00;0,00;0,00;0,00;0,00;0,00;0,00;0,00;0,00;0,00;0,00;152.136,00;0;206.348,00;3.541.181,00;0;170.188,25
44;ti_Napa Gamay;Napa Gamay;0,00;0,00;0,00;0,00;0,00;0,00;0,00;0,00;0,00;0,00;0,00;0,00;0,00;0,00;107.495,00;9.665,00;0,00;0,00;102.650,00;57.830,00;193.570,00;149.800,00;194.760,00;283.550,00;258.640,00;254.730,00;348.190,00;270.240,00;238.000,00;216.540,00;290.790,00;248.160,00;136.760,00;39.250,00;265.240,00;225.660,00;114.690,00;175.040,00;179.050,00;74.640,00;0,00;31.410,00;86.650,00;55.550,00;16.380,00;8.970,00;0,00;0,00;0,00;0;0,00;0,00;0;0,00
45;ti_Nebbiolo;Nebbiolo;0,00;0,00;0,00;0,00;0,00;0,00;0,00;0,00;0,00;700,00;1.400,00;0,00;600,00;0,00;0,00;0,00;357,00;4.000,00;6.454,00;0,00;28.600,00;226.893,00;200.187,00;0,00;0,00;16.293,00;89.670,00;13.639,00;12.305,00;0,00;80,00;0,00;0,00;4.000,00;4.664,00;6.671,00;11.082,00;13.971,00;10.019,00;14.148,00;11.986,00;21.342,00;37.530,00;9.327,00;7.223,00;12.754,00;3.117,00;5.494,00;9.236,00;0;8.642,00;254.738,00;0;26.788,00
46;ti_Petit Verdot;Petit Verdot;0,00;0,00;0,00;0,00;0,00;0,00;0,00;0,00;0,00;0,00;0,00;0,00;0,00;0,00;0,00;0,00;0,00;0,00;0,00;0,00;0,00;0,00;0,00;0,00;0,00;0,00;0,00;0,00;0,00;0,00;0,00;0,00;0,00;0,00;14.994,00;41.706,00;45.425,00;57.029,00;50.933,00;56.031,00;109.942,00;127.549,00;102.402,00;167.522,00;75.010,00;135.770,00;116.266,00;230.640,00;83.552,00;0;228.503,00;277.189,00;0;207.896,00
47;ti_Petite Sirah;Petite Sirah;0,00;0,00;0,00;0,00;0,00;0,00;0,00;0,00;0,00;0,00;0,00;0,00;0,00;836.158,00;33.693,00;73.075,00;99.786,00;61.205,00;140.196,00;223.434,00;208.765,00;86.215,00;102.830,00;92.638,00;117.771,00;112.839,00;92.374,00;222.324,00;78.455,00;109.791,00;177.654,00;109.805,00;106.091,00;28.210,00;64.909,00;137.568,00;87.550,00;99.577,00;77.759,00;121.525,00;29.457,00;98.861,00;149.196,00;105.934,00;47.834,00;48.483,00;24.564,00;92.818,00;110.361,00;0;174.949,00;198.152,00;0;173.886,53
48;ti_Pinotage;Pinotage;0,00;0,00;0,00;0,00;0,00;0,00;0,00;0,00;0,00;0,00;0,00;0,00;0,00;0,00;5.861,00;15.236,00;13.483,00;9.527,00;19.945,00;44.697,00;76.979,00;97.269,00;231.618,00;286.349,00;409.495,00;367.315,00;641.203,00;524.028,00;629.762,00;935.337,00;1.851.305,00;1.432.456,00;1.111.531,00;1.181.440,00;1.471.881,00;1.994.817,00;996.781,00;1.113.861,00;1.578.657,00;978.575,00;644.072,00;1.075.863,00;863.296,00;816.883,00;479.202,00;560.195,00;119.773,00;474.105,00;398.794,00;0;302.532,00;1.281.674,00;0;397.456,00
49;ti_Pinot Noir;Pinot Noir;0,00;0,00;13.440,00;10.433,00;18.178,00;14.724,00;2.204,00;1.368,00;1.538,00;2.217,00;20.601,00;7.076,00;10.948,00;14.049,00;37.268,00;127.953,00;202.820,00;125.181,00;350.891,00;360.511,00;409.901,00;320.721,00;421.419,00;467.644,00;573.840,00;505.493,00;604.623,00;594.713,00;276.386,00;471.462,00;621.890,00;479.490,00;496.588,00;443.895,00;1.054.529,00;1.704.403,00;1.161.465,00;1.270.351,00;1.930.823,00;1.387.200,00;1.309.849,00;2.513.274,00;2.799.071,00;2.392.357,00;2.592.701,00;3.125.882,00;1.279.105,00;3.676.000,00;3.240.209,00;0;3.588.106,00;6.184.345,00;0;4.182.134,74
50;ti_Pinot Saint George;Pinot Saint George;0,00;0,00;0,00;0,00;0,00;0,00;0,00;0,00;0,00;0,00;0,00;0,00;0,00;0,00;0,00;0,00;47.600,00;45.000,00;83.400,00;67.500,00;118.160,00;84.550,00;159.380,00;187.870,00;199.540,00;189.480,00;209.420,00;210.980,00;171.750,00;195.560,00;255.810,00;121.430,00;114.360,00;10.840,00;114.110,00;176.810,00;48.830,00;72.560,00;28.170,00;29.180,00;0,00;7.600,00;20.920,00;14.120,00;2.480,00;0,00;0,00;0,00;0,00;0;0,00;0,00;0;5.060,00
51;ti_Piriquita;Piriquita;0,00;0,00;0,00;0,00;0,00;0,00;0,00;0,00;0,00;0,00;0,00;0,00;0,00;0,00;0,00;0,00;0,00;0,00;0,00;0,00;0,00;0,00;0,00;0,00;0,00;0,00;0,00;0,00;0,00;0,00;0,00;0,00;0,00;0,00;0,00;0,00;12.845,00;0,00;0,00;0,00;0,00;0,00;0,00;0,00;0,00;0,00;0,00;0,00;0,00;0;0,00;0,00;0;0,00
52;ti_Primitivo;Primitivo;0,00;0,00;0,00;0,00;0,00;0,00;0,00;0,00;0,00;0,00;0,00;0,00;0,00;0,00;0,00;0,00;0,00;0,00;0,00;0,00;0,00;0,00;0,00;0,00;0,00;0,00;0,00;0,00;0,00;0,00;0,00;0,00;0,00;0,00;0,00;0,00;0,00;0,00;0,00;0,00;0,00;0,00;0,00;0,00;0,00;0,00;0,00;0,00;0,00;0;0,00;0,00;0;1.650,00
53;ti_Rebo;Rebo;0,00;0,00;0,00;0,00;0,00;0,00;0,00;0,00;0,00;0,00;0,00;0,00;0,00;0,00;0,00;0,00;0,00;0,00;0,00;0,00;0,00;0,00;0,00;0,00;0,00;0,00;0,00;0,00;0,00;0,00;0,00;0,00;0,00;0,00;0,00;0,00;550,00;3.000,00;7.610,00;4.240,00;1.650,00;27.620,00;16.440,00;19.780,00;13.420,00;22.290,00;12.470,00;44.440,00;94.480,00;0;177.172,00;15.912,00;0;330.784,00
54;ti_Refosco;Refosco;0,00;0,00;0,00;0,00;0,00;0,00;0,00;0,00;0,00;0,00;0,00;0,00;0,00;0,00;0,00;0,00;0,00;0,00;0,00;0,00;0,00;0,00;0,00;0,00;0,00;0,00;0,00;0,00;0,00;0,00;0,00;0,00;0,00;0,00;37.155,00;42.207,00;26.537,00;17.415,00;59.340,00;10.430,00;9.466,00;18.705,00;12.120,00;12.080,00;13.240,00;9.310,00;3.260,00;5.240,00;7.320,00;0;0,00;380,00;0;0,00
55;ti_Ro0inella;Ro0inella;0,00;0,00;0,00;0,00;0,00;0,00;0,00;0,00;0,00;0,00;0,00;0,00;0,00;0,00;0,00;0,00;0,00;0,00;0,00;0,00;0,00;0,00;0,00;0,00;0,00;0,00;0,00;0,00;0,00;0,00;0,00;0,00;0,00;0,00;0,00;0,00;0,00;0,00;668,00;648,00;100,00;1.150,00;1.020,00;1.089,00;1.053,00;1.110,00;333,00;1.899,00;1.990,00;0;2.340,00;684.860,00;0;5.280,00
56;ti_Ruby Cabernet;Ruby Cabernet;0,00;0,00;0,00;0,00;0,00;0,00;0,00;0,00;0,00;0,00;0,00;0,00;0,00;0,00;204,00;426,00;21,00;700,00;6.800,00;4.678,00;0,00;0,00;220,00;2.119,00;5.813,00;13.553,00;16.653,00;17.004,00;16.033,00;24.678,00;42.699,00;76.483,00;178.033,00;264.363,00;595.080,00;546.629,00;654.931,00;782.800,00;679.484,00;532.095,00;379.720,00;582.497,00;470.683,00;526.124,00;486.527,00;388.019,00;220.231,00;382.994,00;248.992,00;0;218.783,00;78.412,00;0;163.069,00
57;ti_Sangiovese;Sangiovese;27.566,00;59.316,00;62.175,00;38.315,00;59.834,00;63.279,00;46.663,00;71.194,00;49.178,00;131.721,00;166.706,00;162.563,00;182.898,00;173.104,00;173.005,00;144.839,00;77.509,00;90.701,00;118.475,00;96.497,00;59.620,00;244.050,00;254.588,00;34.344,00;99.024,00;13.099,00;8.042,00;3.312,00;0,00;0,00;684,00;1.306,00;15.572,00;33.400,00;127.049,00;190.769,00;133.402,00;115.475,00;405.224,00;303.438,00;258.484,00;359.833,00;280.756,00;277.679,00;122.632,00;135.962,00;26.601,00;89.404,00;63.832,00;0;85.292,00;3.324.793,00;0;92.540,00
58;ti_Saperavi ;Saperavi ;0,00;0,00;0,00;0,00;0,00;0,00;0,00;0,00;0,00;0,00;0,00;0,00;0,00;0,00;0,00;0,00;0,00;0,00;0,00;0,00;0,00;0,00;0,00;0,00;0,00;0,00;0,00;0,00;0,00;0,00;0,00;0,00;0,00;0,00;0,00;0,00;0,00;0,00;0,00;0,00;0,00;0,00;0,00;0,00;0,00;0,00;0,00;0,00;0,00;0;0,00;0,00;0;13.323,00
59;ti_Sira (falsa);Sira (falsa);3.127.989,00;3.886.509,00;3.299.301,00;2.179.909,00;2.623.809,00;4.303.504,00;3.705.465,00;2.780.195,00;3.004.243,00;3.141.820,00;2.067.161,00;2.015.864,00;2.113.514,00;484.585,00;1.176.744,00;1.272.377,00;695.871,00;520.216,00;228.050,00;191.080,00;182.243,00;46.003,00;45.992,00;43.674,00;4.781,00;5.327,00;0,00;28.137,00;0,00;0,00;0,00;807,00;0,00;559,00;4.792,00;0,00;0,00;0,00;14.145,00;0,00;0,00;0,00;0,00;0,00;0,00;0,00;0,00;0,00;0,00;0;0,00;0,00;0;0,00
60;ti_Tannat;Tannat;0,00;0,00;0,00;0,00;0,00;0,00;0,00;0,00;0,00;0,00;0,00;0,00;0,00;65.320,00;65.320,00;43.800,00;68.352,00;43.762,00;129.001,00;137.749,00;351.017,00;532.348,00;1.153.030,00;948.885,00;2.153.279,00;1.791.208,00;1.762.327,00;1.511.421,00;1.270.299,00;2.077.578,00;3.487.128,00;2.051.940,00;1.893.300,00;2.285.423,00;3.263.479,00;4.561.255,00;3.055.931,00;3.514.880,00;4.711.255,00;4.199.190,00;2.266.985,00;4.152.135,00;4.585.214,00;3.612.439,00;2.644.014,00;2.761.604,00;985.207,00;3.668.851,00;2.940.306,00;0;3.571.972,00;2.634.802,00;0;5.712.206,92
61;ti_Tempranillo;Tempranillo;0,00;0,00;0,00;0,00;0,00;0,00;0,00;0,00;0,00;0,00;0,00;0,00;0,00;0,00;0,00;0,00;0,00;0,00;0,00;0,00;0,00;0,00;0,00;0,00;0,00;0,00;0,00;0,00;0,00;0,00;0,00;0,00;0,00;12.160,00;59.028,00;96.125,00;111.158,00;192.063,00;241.017,00;242.484,00;63.526,00;256.836,00;283.929,00;219.163,00;119.398,00;182.579,00;210.551,00;357.637,00;278.456,00;0;442.330,00;968.038,00;0;375.165,00
62;ti_Teroldego;Teroldego;0,00;0,00;0,00;0,00;0,00;0,00;0,00;0,00;0,00;0,00;0,00;0,00;0,00;0,00;0,00;0,00;0,00;0,00;0,00;0,00;0,00;0,00;0,00;0,00;0,00;0,00;0,00;0,00;0,00;0,00;0,00;0,00;0,00;0,00;7.193,00;41.912,00;51.645,00;61.659,00;69.876,00;105.372,00;68.593,00;179.095,00;157.368,00;124.542,00;87.820,00;97.455,00;34.019,00;87.034,00;77.625,00;0;106.764,00;717.757,00;0;123.714,49
63;ti_Torrontes;Torrontes;0,00;0,00;0,00;0,00;0,00;0,00;0,00;0,00;0,00;0,00;0,00;0,00;0,00;0,00;0,00;0,00;0,00;0,00;0,00;0,00;0,00;0,00;0,00;0,00;0,00;0,00;0,00;0,00;0,00;0,00;0,00;0,00;0,00;0,00;0,00;0,00;0,00;0,00;0,00;0,00;0,00;0,00;4.300,00;3.090,00;9.580,00;10.070,00;1.490,00;14.630,00;16.350,00;0;9.700,00;0,00;0;23.500,00
64;ti_Tinta Barroca;Tinta Barroca;0,00;0,00;0,00;0,00;0,00;0,00;0,00;0,00;0,00;0,00;0,00;0,00;0,00;0,00;0,00;0,00;0,00;0,00;0,00;0,00;0,00;0,00;0,00;0,00;0,00;0,00;0,00;0,00;0,00;0,00;0,00;0,00;0,00;0,00;0,00;0,00;0,00;6.520,00;12.870,00;6.710,00;0,00;0,00;0,00;0,00;0,00;0,00;0,00;0,00;0,00;0;0,00;0,00;0;0,00
65;ti_Tinta Roriz ;Tinta Roriz ;0,00;0,00;0,00;0,00;0,00;0,00;0,00;0,00;0,00;0,00;0,00;0,00;0,00;0,00;0,00;0,00;0,00;0,00;0,00;0,00;0,00;0,00;0,00;0,00;0,00;0,00;0,00;0,00;0,00;0,00;0,00;0,00;0,00;0,00;0,00;0,00;0,00;0,00;0,00;0,00;0,00;0,00;0,00;0,00;0,00;0,00;0,00;0,00;0,00;0;0,00;0,00;0;3.006,00
66;ti_Touriga Francesa;Touriga Francesa;0,00;0,00;0,00;0,00;0,00;0,00;0,00;0,00;0,00;0,00;0,00;0,00;0,00;0,00;0,00;0,00;0,00;0,00;0,00;0,00;0,00;0,00;0,00;0,00;0,00;0,00;0,00;0,00;0,00;0,00;0,00;0,00;0,00;0,00;6.775,00;4.680,00;0,00;0,00;0,00;0,00;0,00;0,00;0,00;0,00;0,00;0,00;0,00;0,00;0,00;0;0,00;0,00;0;0,00
67;ti_Touriga Nacional;Touriga Nacional;0,00;0,00;0,00;0,00;0,00;0,00;0,00;0,00;0,00;0,00;0,00;0,00;0,00;0,00;0,00;0,00;0,00;0,00;0,00;0,00;0,00;0,00;0,00;0,00;0,00;0,00;0,00;0,00;0,00;0,00;0,00;0,00;0,00;0,00;26.448,00;52.099,00;42.376,00;127.462,00;101.376,00;131.833,00;97.629,00;189.928,00;133.820,00;136.565,00;86.460,00;136.611,00;53.552,00;108.245,00;122.015,00;0;150.166,00;38.910,00;0;171.866,00
68;ti_Tinta Madeira;Tinta Madeira;0,00;0,00;0,00;0,00;0,00;0,00;0,00;0,00;0,00;0,00;0,00;0,00;0,00;0,00;0,00;2.508,00;1.733,00;179,00;1.493,00;0,00;54,00;0,00;0,00;0,00;0,00;0,00;0,00;0,00;0,00;0,00;0,00;0,00;1.300,00;0,00;0,00;0,00;0,00;0,00;0,00;0,00;0,00;0,00;0,00;0,00;0,00;0,00;0,00;0,00;0,00;0;0,00;0,00;0;0,00
69;ti_Tintoria;Tintoria;0,00;0,00;0,00;0,00;0,00;0,00;0,00;0,00;0,00;0,00;0,00;0,00;0,00;0,00;0,00;21.260,00;0,00;14.930,00;0,00;0,00;14.526,00;7.218,00;0,00;0,00;0,00;0,00;3.035,00;0,00;0,00;0,00;0,00;0,00;0,00;0,00;0,00;0,00;0,00;0,00;0,00;0,00;0,00;0,00;0,00;0,00;0,00;0,00;0,00;0,00;0,00;0;0,00;0,00;0;0,00
70;ti_Trincdeira;Trincdeira;0,00;0,00;0,00;0,00;0,00;0,00;0,00;0,00;0,00;0,00;0,00;0,00;0,00;0,00;0,00;0,00;0,00;0,00;0,00;0,00;0,00;0,00;0,00;0,00;0,00;0,00;0,00;0,00;0,00;0,00;0,00;0,00;0,00;0,00;3.996,00;5.780,00;3.591,00;255,00;0,00;0,00;0,00;0,00;0,00;0,00;0,00;0,00;0,00;0,00;0,00;0;0,00;0,00;0;0,00
71;ti_Trousseau;Trousseau;0,00;0,00;0,00;0,00;0,00;0,00;0,00;0,00;0,00;0,00;0,00;0,00;0,00;0,00;0,00;0,00;0,00;0,00;0,00;0,00;0,00;0,00;0,00;0,00;0,00;16.019,00;0,00;0,00;0,00;0,00;0,00;0,00;0,00;0,00;0,00;0,00;0,00;0,00;0,00;0,00;0,00;0,00;0,00;0,00;0,00;0,00;0,00;0,00;0,00;0;0,00;0,00;0;0,00
72;ti_Zinfa0el;Zinfa0el;0,00;0,00;0,00;0,00;0,00;0,00;0,00;0,00;0,00;0,00;0,00;0,00;0,00;0,00;0,00;198,00;41.460,00;45.226,00;70.341,00;310.520,00;1.567.535,00;1.216.093,00;1.816.589,00;2.500.275,00;2.517.495,00;1.885.121,00;1.011.625,00;1.689.415,00;593.579,00;84.271,00;189.989,00;140.148,00;74.289,00;60.875,00;1.541,00;479,00;0,00;0,00;0,00;0,00;372,00;0,00;0,00;0,00;0,00;0,00;0,00;0,00;0,00;0;0,00;0,00;0;0,00
73;ti_Outras1;Outras1;0,00;0,00;0,00;0,00;0,00;0,00;0,00;0,00;0,00;0,00;0,00;0,00;0,00;0,00;0,00;0,00;0,00;0,00;0,00;0,00;0,00;0,00;0,00;0,00;0,00;0,00;0,00;0,00;0,00;7.690,00;10.833,00;15.000,00;620,00;0,00;0,00;0,00;0,00;0,00;0,00;0,00;0,00;0,00;0,00;0,00;0,00;0,00;0,00;0,00;0,00;0;0,00;0,00;0;0,00
74;BRANCASEROSADAS;BRANCAS E ROSADAS;18.858.541,00;22.168.237,00;18.073.470,00;12.213.901,00;25.625.874,00;29.361.700,00;29.805.536,00;32.674.849,00;30.557.815,00;36.390.466,00;28.354.293,00;39.473.039,00;46.757.024,00;32.040.687,00;41.615.070,00;66.103.513,00;47.542.250,00;48.998.099,00;77.578.061,00;76.181.146,00;73.556.749,00;46.526.526,00;53.561.836,00;53.106.956,00;52.888.752,00;46.675.896,00;42.887.098,00;44.119.355,00;32.115.220,00;40.486.844,00;49.613.743,00;31.608.881,00;28.623.940,00;21.018.356,00;27.340.450,00;29.066.571,00;22.335.925,00;28.254.191,00;34.602.464,00;32.556.903,00;22.104.122,00;37.931.015,00;36.519.724,00;36.958.341,00;35.769.155,00;40.130.577,00;18.769.366,00;44.058.213,00;38.722.156,00;0;41.004.206,00;71.266.239,00;0;63.676.297,78
75;br_Aliatico;Aliatico;0,00;0,00;0,00;0,00;0,00;0,00;0,00;0,00;0,00;0,00;0,00;0,00;0,00;0,00;0,00;0,00;0,00;1.587,00;1.850,00;444,00;0,00;0,00;0,00;0,00;0,00;0,00;0,00;0,00;0,00;0,00;0,00;0,00;0,00;0,00;0,00;0,00;0,00;0,00;0,00;0,00;0,00;0,00;0,00;0,00;0,00;0,00;0,00;0,00;0,00;0;0,00;0,00;0;0,00
76;br_Aligote;Aligote;530,00;1.000,00;1.969,00;0,00;618,00;5.009,00;372,00;0,00;720,00;0,00;0,00;482,00;590,00;756,00;938,00;0,00;0,00;0,00;0,00;0,00;0,00;0,00;0,00;0,00;0,00;53.465,00;0,00;0,00;23.716,00;0,00;0,00;0,00;90,00;0,00;0,00;0,00;0,00;0,00;0,00;0,00;0,00;2.640,00;0,00;0,00;0,00;0,00;0,00;0,00;0,00;0;0,00;0,00;0;0,00
77;br_Altesse;Altesse;0,00;0,00;0,00;0,00;0,00;0,00;0,00;0,00;0,00;248,00;550,00;5.430,00;11.086,00;12.938,00;15.903,00;36.111,00;43.477,00;8.556,00;39.549,00;42.682,00;40.662,00;18.270,00;31.166,00;24.592,00;28.012,00;13.250,00;110.708,00;0,00;0,00;0,00;0,00;0,00;0,00;0,00;0,00;0,00;0,00;0,00;0,00;0,00;0,00;0,00;0,00;0,00;0,00;0,00;0,00;0,00;0,00;0;0,00;0,00;0;0,00
78;br_Alvarinho;Alvarinho;0,00;0,00;0,00;0,00;0,00;0,00;0,00;0,00;0,00;0,00;0,00;0,00;0,00;0,00;0,00;0,00;0,00;0,00;0,00;0,00;0,00;0,00;0,00;0,00;0,00;0,00;0,00;0,00;0,00;0,00;0,00;0,00;0,00;0,00;476,00;1.596,00;0,00;2.477,00;1.071,00;1.675,00;1.088,00;6.668,00;5.081,00;12.413,00;16.147,00;9.860,00;16.369,00;41.225,00;32.647,00;0;46.574,00;242.238,00;0;150.467,00
79;br_Arriloba;Arriloba;0,00;0,00;0,00;0,00;0,00;0,00;0,00;0,00;0,00;0,00;0,00;0,00;0,00;0,00;0,00;0,00;0,00;0,00;0,00;0,00;0,00;0,00;0,00;0,00;0,00;0,00;0,00;0,00;17.439,00;26.135,00;0,00;36.661,00;34.696,00;32.954,00;49.339,00;45.825,00;27.410,00;22.832,00;51.380,00;35.375,00;33.750,00;38.390,00;40.000,00;28.829,00;31.140,00;34.120,00;17.070,00;5.280,00;2.580,00;0;2.940,00;0,00;0;0,00
80;br_Auxerrois;Auxerrois;0,00;0,00;0,00;0,00;0,00;0,00;0,00;0,00;0,00;0,00;0,00;0,00;0,00;0,00;0,00;2.020,00;0,00;3.057,00;0,00;0,00;0,00;980,00;640,00;0,00;0,00;0,00;361,00;616,00;0,00;0,00;0,00;0,00;0,00;0,00;0,00;0,00;0,00;0,00;0,00;0,00;0,00;0,00;0,00;0,00;0,00;0,00;0,00;0,00;0,00;0;0,00;0,00;0;0,00
81;br_Burger;Burger;0,00;0,00;0,00;0,00;0,00;0,00;0,00;0,00;0,00;0,00;0,00;0,00;0,00;0,00;0,00;2.665,00;20.591,00;0,00;4.280,00;0,00;0,00;0,00;0,00;18.394,00;12.215,00;17.093,00;14.640,00;25.067,00;12.295,00;14.427,00;13.028,00;6.507,00;0,00;0,00;0,00;0,00;0,00;0,00;0,00;0,00;0,00;0,00;0,00;0,00;0,00;0,00;0,00;0,00;0,00;0;0,00;0,00;0;0,00
82;br_Chardonnay;Chardonnay;0,00;0,00;0,00;0,00;0,00;0,00;0,00;0,00;0,00;0,00;0,00;766,00;2.590,00;12.370,00;17.191,00;191.484,00;352.746,00;396.887,00;1.016.199,00;1.379.927,00;1.310.807,00;2.185.942,00;3.127.459,00;4.940.497,00;6.118.355,00;3.271.043,00;3.402.706,00;4.745.010,00;2.966.716,00;1.501.537,00;2.873.611,00;2.197.800,00;1.604.484,00;1.568.275,00;1.745.396,00;4.441.390,00;1.830.171,00;1.752.488,00;5.829.449,00;4.812.743,00;3.836.555,00;4.916.344,00;6.347.044,00;6.174.156,00;5.821.514,00;7.253.167,00;3.070.142,00;7.856.910,00;6.068.902,00;0;6.514.864,00;4.200.465,00;0;8.315.602,19
83;br_Chasselas;Chasselas;0,00;0,00;13.255,00;0,00;0,00;0,00;271,00;0,00;0,00;916,00;1.524,00;18.384,00;44.280,00;34.988,00;48.466,00;160.169,00;123.305,00;100.699,00;189.452,00;249.408,00;239.011,00;114.585,00;135.893,00;171.949,00;113.748,00;112.411,00;126.389,00;130.461,00;80.410,00;267.566,00;179.914,00;89.938,00;113.502,00;53.094,00;84.254,00;103.057,00;111.200,00;48.268,00;58.390,00;32.425,00;47.099,00;29.543,00;0,00;0,00;0,00;0,00;0,00;0,00;0,00;0;0,00;0,00;0;0,00
84;br_Chenin Blanc;Chenin Blanc;0,00;0,00;0,00;0,00;0,00;0,00;0,00;0,00;0,00;0,00;0,00;0,00;228,00;14.681,00;14.678,00;40.276,00;110.067,00;97.373,00;226.826,00;217.512,00;386.466,00;504.502,00;383.916,00;515.270,00;461.153,00;557.814,00;493.923,00;588.756,00;398.013,00;492.063,00;496.981,00;343.919,00;231.841,00;44.622,00;386.277,00;519.802,00;400.160,00;355.185,00;362.750,00;347.230,00;73.720,00;212.900,00;257.090,00;264.090,00;146.760,00;173.321,00;60.580,00;266.524,00;387.360,00;0;465.377,00;49.100,00;0;298.406,00
85;br_Clairette(1);Clairette(1);146.617,00;116.887,00;120.166,00;94.006,00;116.154,00;139.266,00;144.596,00;87.281,00;86.242,00;86.382,00;29.871,00;52.133,00;67.028,00;5.834,00;11.168,00;13.929,00;12.182,00;910,00;0,00;0,00;754,00;0,00;0,00;0,00;5.228,00;0,00;153.092,00;0,00;0,00;0,00;0,00;0,00;0,00;0,00;0,00;0,00;0,00;0,00;0,00;0,00;0,00;949,00;0,00;0,00;0,00;0,00;0,00;0,00;0,00;0;0,00;0,00;0;
86;br_Colombard;Colombard;0,00;0,00;0,00;0,00;0,00;0,00;0,00;0,00;0,00;0,00;0,00;0,00;0,00;0,00;0,00;0,00;14.480,00;23.000,00;32.200,00;28.460,00;38.460,00;26.500,00;89.500,00;128.370,00;117.660,00;0,00;203.100,00;0,00;171.673,00;282.698,00;343.181,00;276.372,00;208.977,00;153.359,00;451.264,00;654.642,00;518.836,00;593.625,00;879.719,00;717.624,00;479.201,00;445.104,00;773.273,00;673.158,00;563.589,00;512.199,00;201.659,00;535.573,00;522.866,00;0;467.614,00;97.713,00;0;374.902,95
87;br_Flora;Flora;0,00;0,00;0,00;0,00;0,00;0,00;0,00;0,00;0,00;0,00;0,00;0,00;0,00;28.568,00;28.570,00;53.233,00;52.143,00;73.563,00;132.433,00;163.005,00;184.768,00;212.220,00;335.242,00;423.725,00;345.158,00;476.088,00;346.727,00;585.629,00;311.974,00;496.779,00;581.824,00;452.383,00;215.546,00;323.181,00;259.473,00;339.979,00;251.511,00;176.396,00;176.229,00;131.760,00;35.860,00;37.620,00;68.260,00;72.410,00;45.240,00;25.090,00;1.050,00;5.810,00;2.060,00;0;0,00;0,00;0;0,00
88;br_Garganega;Garganega;0,00;0,00;0,00;0,00;0,00;0,00;0,00;0,00;0,00;0,00;0,00;0,00;0,00;0,00;0,00;0,00;0,00;0,00;0,00;0,00;0,00;0,00;0,00;0,00;0,00;0,00;0,00;0,00;0,00;0,00;0,00;0,00;0,00;0,00;53.010,00;45.800,00;35.110,00;16.970,00;8.530,00;3.170,00;0,00;0,00;0,00;0,00;0,00;0,00;0,00;0,00;0,00;0;540,00;439.160,00;0;400,00
89;br_Gewurztraminer;Gewurztraminer;0,00;0,00;0,00;0,00;0,00;0,00;0,00;0,00;0,00;0,00;0,00;1.008,00;1.258,00;2.438,00;8.573,00;88.037,00;206.986,00;314.215,00;740.238,00;1.266.410,00;1.616.040,00;1.648.915,00;1.220.343,00;1.663.736,00;1.206.405,00;751.049,00;844.959,00;838.944,00;417.301,00;293.892,00;474.897,00;291.364,00;161.367,00;92.344,00;253.539,00;315.932,00;142.266,00;284.818,00;196.483,00;155.338,00;105.186,00;206.833,00;327.678,00;239.469,00;162.083,00;207.303,00;85.385,00;223.350,00;208.171,00;0;192.058,00;3.201.453,00;0;239.070,00
90;br_Gouveio;Gouveio;0,00;0,00;0,00;0,00;0,00;0,00;0,00;0,00;0,00;0,00;0,00;0,00;0,00;0,00;0,00;0,00;0,00;0,00;0,00;0,00;0,00;0,00;0,00;0,00;0,00;0,00;0,00;0,00;0,00;0,00;0,00;0,00;0,00;0,00;596,00;1.452,00;5.312,00;5.848,00;2.090,00;7.830,00;4.358,00;0,00;0,00;0,00;0,00;0,00;0,00;0,00;0,00;0;0,00;0,00;0;0,00
91;br_Gros Manseng;Gros Manseng;0,00;0,00;0,00;0,00;0,00;0,00;0,00;0,00;0,00;0,00;0,00;0,00;0,00;0,00;0,00;0,00;0,00;0,00;0,00;0,00;0,00;0,00;0,00;0,00;0,00;0,00;0,00;0,00;0,00;0,00;0,00;0,00;0,00;0,00;1.744,00;4.360,00;2.500,00;5.770,00;1.800,00;3.289,00;4.430,00;7.220,00;0,00;4.640,00;4.830,00;7.410,00;0,00;5.680,00;2.430,00;0;6.296,00;0,00;0;4.510,00
92;br_Italia (Pirovano 65) (PE);Italia (Pirovano 65) (PE);0,00;0,00;0,00;0,00;0,00;0,00;0,00;0,00;0,00;0,00;0,00;0,00;0,00;0,00;0,00;0,00;0,00;0,00;0,00;0,00;0,00;0,00;0,00;0,00;0,00;0,00;0,00;0,00;0,00;0,00;0,00;0,00;0,00;0,00;0,00;0,00;0,00;0,00;0,00;2.650,00;2.230,00;6.405,00;61.799,00;5.671,00;40.230,00;37.820,00;0,00;180,00;2.942,00;0;200,00;1.858.705,00;0;10.350,00
93;br_Maccabeo;Maccabeo;0,00;0,00;0,00;0,00;0,00;0,00;0,00;0,00;0,00;0,00;0,00;0,00;0,00;0,00;0,00;0,00;0,00;0,00;0,00;0,00;0,00;0,00;0,00;0,00;0,00;0,00;0,00;0,00;0,00;0,00;0,00;0,00;0,00;0,00;0,00;0,00;0,00;0,00;0,00;0,00;0,00;0,00;0,00;3.558,00;0,00;17.670,00;0,00;0,00;0,00;0;0,00;0,00;0;0,00
94;br_Malvasia;Malvasia;878.012,00;611.457,00;763.732,00;645.868,00;795.847,00;1.405.733,00;332.150,00;378.085,00;1.068.838,00;1.747.354,00;2.115.375,00;1.614.552,00;2.522.725,00;1.526.008,00;1.886.676,00;3.422.293,00;2.261.265,00;1.526.629,00;3.392.751,00;3.428.752,00;3.945.671,00;2.006.859,00;2.279.929,00;2.986.640,00;2.786.463,00;2.855.822,00;1.587.944,00;1.957.293,00;1.718.461,00;1.184.410,00;0,00;0,00;0,00;0,00;0,00;0,00;0,00;0,00;0,00;0,00;0,00;0,00;0,00;0,00;0,00;0,00;0,00;0,00;0,00;0;0,00;0,00;0;0,00
95;br_Malvasia Amarela;Malvasia Amarela;0,00;0,00;0,00;0,00;0,00;0,00;0,00;0,00;0,00;0,00;0,00;0,00;0,00;0,00;0,00;0,00;0,00;0,00;0,00;0,00;0,00;0,00;0,00;0,00;27.040,00;0,00;0,00;0,00;0,00;175.917,00;400.884,00;326.928,00;228.062,00;160.402,00;169.923,00;184.579,00;61.112,00;94.281,00;131.350,00;153.905,00;251.587,00;107.015,00;115.147,00;519.959,00;149.663,00;119.930,00;10.100,00;44.445,00;52.936,00;0;24.440,00;3.980,00;0;67.467,00
96;br_Malvasia Bianca;Malvasia Bianca;0,00;0,00;0,00;0,00;0,00;0,00;0,00;0,00;0,00;0,00;0,00;0,00;0,00;0,00;0,00;0,00;0,00;0,00;0,00;2.046,00;12.319,00;16.474,00;18.306,00;34.816,00;0,00;0,00;0,00;40.689,00;4.710,00;0,00;1.792.354,00;785.519,00;637.835,00;407.387,00;350.631,00;359.199,00;192.862,00;191.316,00;325.942,00;281.064,00;49.176,00;138.608,00;119.122,00;184.949,00;414.603,00;602.081,00;217.177,00;629.101,00;574.521,00;0;494.343,00;1.165.104,00;0;80.786,24
97;br_Malvasia Chianti;Malvasia Chianti;0,00;0,00;0,00;0,00;0,00;0,00;0,00;0,00;0,00;0,00;0,00;0,00;0,00;0,00;0,00;0,00;0,00;0,00;0,00;0,00;0,00;0,00;0,00;0,00;0,00;0,00;0,00;0,00;0,00;0,00;0,00;0,00;0,00;0,00;18.411,00;24.030,00;14.705,00;15.235,00;4.730,00;0,00;2.142,00;0,00;0,00;5.061,00;7.632,00;0,00;1.314,00;0,00;0,00;0;0,00;0,00;0;0,00
98;br_Malvasia Verde;Malvasia Verde;0,00;0,00;0,00;0,00;0,00;0,00;0,00;0,00;0,00;0,00;0,00;0,00;0,00;0,00;0,00;0,00;0,00;0,00;0,00;18.637,00;0,00;0,00;10.510,00;0,00;65.144,00;0,00;0,00;0,00;0,00;173.550,00;60.915,00;244.313,00;201.609,00;165.991,00;285.416,00;145.111,00;145.670,00;253.369,00;289.366,00;331.718,00;83.565,00;60.776,00;10.979,00;18.690,00;8.825,00;5.108,00;2.460,00;10.457,00;15.220,00;0;26.597,00;3.578,00;0;46.510,00
99;br_Malvasia di Ca0ia;Malvasia di Ca0ia;0,00;0,00;0,00;0,00;0,00;0,00;0,00;0,00;0,00;0,00;0,00;0,00;0,00;0,00;7.318,00;0,00;0,00;0,00;0,00;0,00;0,00;0,00;0,00;0,00;0,00;0,00;0,00;0,00;0,00;0,00;403.192,00;273.020,00;135.690,00;134.390,00;146.558,00;160.845,00;228.221,00;283.476,00;628.749,00;739.588,00;649.194,00;1.727.224,00;1.825.193,00;1.692.882,00;1.888.539,00;2.512.864,00;1.268.750,00;2.785.543,00;2.557.871,00;0;3.389.071,00;1.544.223,00;0;6.869.070,67
100;br_Malvasia Istriana;Malvasia Istriana;0,00;0,00;0,00;0,00;0,00;0,00;0,00;0,00;0,00;0,00;0,00;0,00;0,00;0,00;0,00;0,00;0,00;0,00;0,00;0,00;0,00;0,00;0,00;0,00;0,00;0,00;0,00;0,00;0,00;0,00;0,00;0,00;0,00;0,00;0,00;300,00;0,00;0,00;0,00;0,00;0,00;0,00;0,00;0,00;0,00;0,00;0,00;0,00;0,00;0;1.090,00;950,00;0;0,00
101;br_Mistura de uvas viníferas;Mistura de uvas viníferas branco;0,00;0,00;0,00;0,00;0,00;0,00;0,00;0,00;0,00;0,00;0,00;0,00;0,00;0,00;0,00;0,00;0,00;0,00;0,00;0,00;0,00;0,00;0,00;0,00;0,00;0,00;0,00;0,00;0,00;0,00;0,00;0,00;0,00;0,00;0,00;0,00;0,00;0,00;0,00;0,00;0,00;0,00;0,00;0,00;0,00;0,00;0,00;0,00;0,00;0;0,00;12.278,00;0;41.078,00
102;br_Mistura de uvas viníferas;Mistura de uvas viníferas rosado;0,00;0,00;0,00;0,00;0,00;0,00;0,00;0,00;0,00;0,00;0,00;0,00;0,00;0,00;0,00;0,00;0,00;0,00;0,00;0,00;0,00;0,00;0,00;0,00;0,00;0,00;0,00;0,00;0,00;0,00;0,00;0,00;0,00;0,00;0,00;0,00;0,00;0,00;0,00;0,00;0,00;0,00;0,00;0,00;0,00;0,00;0,00;0,00;0,00;0;0,00;325.922,00;0;1.100,00
103;br_Moscato_branco;Moscato Branco;5.772.931,00;5.334.475,00;5.378.768,00;3.490.996,00;10.348.989,00;8.716.599,00;9.297.817,00;10.212.209,00;8.696.749,00;11.743.280,00;7.650.069,00;12.114.399,00;13.984.946,00;9.067.746,00;11.156.471,00;18.464.456,00;12.858.661,00;15.436.116,00;22.528.034,00;22.513.823,00;19.690.691,00;9.533.114,00;19.854.192,00;15.255.972,00;14.611.629,00;14.045.052,00;14.374.633,00;13.576.155,00;9.495.554,00;19.636.525,00;19.535.723,00;12.038.417,00;13.809.332,00;9.788.714,00;13.066.588,00;10.145.908,00;10.748.618,00;15.717.087,00;14.744.061,00;14.294.841,00;8.595.609,00;16.871.284,00;13.322.429,00;13.136.399,00;12.669.980,00;12.788.740,00;6.068.181,00;14.475.142,00;11.202.231,00;0;11.868.851,00;12.100.995,00;0;20.657.082,42
104;br_Moscato Canelli;Moscato Canelli;0,00;0,00;0,00;0,00;0,00;0,00;0,00;0,00;0,00;0,00;0,00;0,00;0,00;0,00;0,00;0,00;7.554,00;0,00;0,00;0,00;0,00;0,00;0,00;0,00;0,00;0,00;0,00;0,00;0,00;0,00;0,00;7.581,00;19.758,00;1.059,00;13.112,00;461.612,00;57.796,00;84.053,00;65.107,00;61.009,00;55.811,00;92.887,00;123.255,00;64.800,00;85.785,00;72.462,00;30.378,00;57.083,00;121.008,00;0;138.482,00;109.714,00;0;351.554,75
105;br_Moscato Giallo;Moscato Giallo;0,00;0,00;0,00;0,00;0,00;0,00;0,00;0,00;0,00;0,00;0,00;0,00;0,00;0,00;0,00;0,00;0,00;0,00;0,00;0,00;0,00;0,00;0,00;0,00;0,00;0,00;0,00;0,00;0,00;1.217,00;17.700,00;115.727,00;357.251,00;349.892,00;691.230,00;703.485,00;776.846,00;1.173.519,00;1.122.457,00;1.446.926,00;1.151.570,00;1.949.920,00;1.641.498,00;1.813.522,00;1.742.605,00;1.785.956,00;813.952,00;2.091.933,00;1.590.531,00;0;1.597.829,00;6.365.205,00;0;3.111.774,33
106;br_Moscato Nazareno;Moscato Nazareno;0,00;0,00;0,00;0,00;0,00;0,00;0,00;0,00;0,00;0,00;0,00;0,00;0,00;0,00;0,00;0,00;0,00;0,00;0,00;0,00;0,00;0,00;0,00;0,00;0,00;0,00;0,00;0,00;0,00;0,00;0,00;287.347,00;401.583,00;503.500,00;948.435,00;921.620,00;544.530,00;616.480,00;1.035.000,00;858.910,00;690.210,00;882.104,00;633.606,00;831.206,00;886.808,00;886.075,00;361.638,00;890.655,00;639.810,00;0;554.762,00;77.912,00;0;504.982,00
107;br_Moscato Bianco R2;Moscato Bianco R2;0,00;0,00;0,00;0,00;0,00;0,00;0,00;0,00;0,00;0,00;0,00;0,00;0,00;0,00;0,00;0,00;0,00;0,00;0,00;0,00;0,00;0,00;0,00;0,00;0,00;0,00;0,00;0,00;0,00;0,00;0,00;0,00;0,00;0,00;287.021,00;443.153,00;331.718,00;406.650,00;430.599,00;510.594,00;317.404,00;808.748,00;618.266,00;678.267,00;770.265,00;863.910,00;257.647,00;868.260,00;867.445,00;0;864.917,00;2.920.047,00;0;1.211.053,08
108;br_Moscato de Alexa0ria;Moscato de Alexa0ria;0,00;0,00;0,00;0,00;0,00;0,00;0,00;0,00;0,00;0,00;0,00;0,00;0,00;0,00;0,00;0,00;0,00;0,00;0,00;0,00;0,00;0,00;0,00;0,00;0,00;0,00;0,00;0,00;0,00;0,00;0,00;0,00;0,00;0,00;20.550,00;45.277,00;32.129,00;51.979,00;85.756,00;87.359,00;41.426,00;105.384,00;184.748,00;211.532,00;160.290,00;192.945,00;53.037,00;115.910,00;95.647,00;0;153.442,00;431.897,00;0;404.111,00
109;br_Moscato Rosado;Moscato Rosado;0,00;0,00;0,00;0,00;0,00;0,00;0,00;0,00;0,00;0,00;0,00;0,00;0,00;0,00;0,00;0,00;0,00;0,00;0,00;0,00;0,00;0,00;0,00;0,00;0,00;0,00;0,00;0,00;0,00;0,00;31.105,00;1.872,00;13.219,00;0,00;0,00;0,00;5.310,00;1.226,00;0,00;0,00;2.396,00;7.617,00;0,00;0,00;0,00;0,00;0,00;0,00;0,00;0;500,00;15.030,00;0;900,00
110;br_Muscat a Petits Grains;Muscat à Petits Grains;0,00;0,00;0,00;0,00;0,00;0,00;0,00;0,00;0,00;0,00;0,00;0,00;0,00;0,00;0,00;0,00;0,00;0,00;0,00;0,00;0,00;0,00;0,00;0,00;0,00;0,00;0,00;0,00;0,00;0,00;0,00;0,00;0,00;0,00;0,00;0,00;0,00;0,00;0,00;0,00;0,00;0,00;0,00;0,00;0,00;0,00;0,00;0,00;3.000,00;0;8.030,00;895.346,00;0;6.000,00
111;br_Muller Thurgau;Muller Thurgau;0,00;0,00;0,00;0,00;0,00;0,00;0,00;0,00;0,00;0,00;0,00;0,00;0,00;0,00;0,00;2.028,00;7.026,00;11.881,00;17.629,00;17.142,00;36.313,00;19.915,00;26.382,00;31.497,00;40.535,00;27.587,00;15.307,00;19.699,00;15.232,00;19.128,00;22.207,00;12.530,00;7.770,00;3.820,00;3.000,00;0,00;0,00;0,00;0,00;0,00;0,00;0,00;0,00;0,00;0,00;0,00;0,00;0,00;0,00;0;0,00;0,00;0;0,00
112;br_Muscadelle;Muscadelle;0,00;0,00;0,00;0,00;0,00;0,00;0,00;0,00;0,00;0,00;0,00;0,00;0,00;0,00;0,00;0,00;0,00;0,00;0,00;2.007,00;5.536,00;5.515,00;4.425,00;5.430,00;4.215,00;600,00;842,00;1.342,00;2.489,00;0,00;0,00;0,00;0,00;0,00;0,00;0,00;0,00;0,00;0,00;0,00;0,00;0,00;0,00;0,00;0,00;0,00;0,00;0,00;0,00;0;0,00;0,00;0;0,00
113;br_Ora;Ora;0,00;0,00;0,00;0,00;0,00;0,00;0,00;0,00;0,00;0,00;0,00;0,00;0,00;0,00;0,00;0,00;0,00;0,00;0,00;0,00;0,00;0,00;0,00;0,00;0,00;0,00;0,00;0,00;0,00;0,00;0,00;0,00;0,00;0,00;0,00;0,00;0,00;0,00;0,00;0,00;4.045,00;0,00;0,00;0,00;0,00;0,00;0,00;0,00;0,00;0;0,00;0,00;0;0,00
114;br_Palomino;Palomino;0,00;0,00;0,00;0,00;0,00;715,00;0,00;1.156,00;1.430,00;2.507,00;3.917,00;5.329,00;5.687,00;7.328,00;19.500,00;30.395,00;46.533,00;50.919,00;62.679,00;64.664,00;58.657,00;50.188,00;75.366,00;107.812,00;16.137,00;17.661,00;29.436,00;16.819,00;13.406,00;19.023,00;28.451,00;19.125,00;7.959,00;5.500,00;4.530,00;4.184,00;2.270,00;0,00;0,00;0,00;0,00;0,00;0,00;0,00;0,00;0,00;0,00;0,00;0,00;0;0,00;0,00;0;0,00
115;br_Petit Manseng;Petit Manseng;0,00;0,00;0,00;0,00;0,00;0,00;0,00;0,00;0,00;0,00;0,00;0,00;0,00;0,00;0,00;0,00;0,00;0,00;0,00;0,00;0,00;0,00;0,00;0,00;0,00;0,00;0,00;0,00;0,00;0,00;0,00;0,00;0,00;0,00;0,00;0,00;0,00;0,00;0,00;0,00;0,00;0,00;0,00;0,00;0,00;0,00;0,00;0,00;1.430,00;0;0,00;570,00;0;3.915,00
116;br_Peverella;Peverella;2.084.128,00;2.117.931,00;1.087.692,00;1.416.283,00;1.596.138,00;2.648.598,00;1.908.436,00;1.389.009,00;2.110.072,00;1.959.410,00;1.047.031,00;1.508.861,00;2.423.524,00;1.375.905,00;1.288.629,00;2.630.718,00;2.036.768,00;1.683.632,00;1.848.715,00;1.943.429,00;2.072.218,00;1.369.962,00;830.149,00;1.002.158,00;1.590.524,00;781.672,00;541.364,00;522.848,00;543.544,00;224.731,00;556.215,00;325.243,00;282.527,00;159.457,00;189.972,00;192.474,00;137.031,00;111.726,00;103.270,00;48.994,00;28.945,00;64.218,00;43.656,00;44.137,00;28.452,00;40.719,00;5.557,00;16.350,00;33.439,00;0;15.858,00;70.925,00;0;45.898,00
117;br_Pinot Blanc;Pinot Blanc;4.000,00;0,00;0,00;0,00;0,00;479,00;2.066,00;11.984,00;21.313,00;930,00;900,00;572,00;1.825,00;9.076,00;15.611,00;129.010,00;168.354,00;229.908,00;413.142,00;516.219,00;801.355,00;779.277,00;356.714,00;496.546,00;563.207,00;519.140,00;536.426,00;421.175,00;257.467,00;229.112,00;486.786,00;227.064,00;170.590,00;63.768,00;77.942,00;60.704,00;12.245,00;14.620,00;40.109,00;8.030,00;16.940,00;26.307,00;10.174,00;8.720,00;5.980,00;7.218,00;0,00;0,00;17.028,00;0;3.000,00;0,00;0;1.310,00
118;br_Pinot Gris;Pinot Gris;0,00;0,00;0,00;0,00;0,00;0,00;0,00;0,00;0,00;0,00;0,00;0,00;0,00;0,00;0,00;0,00;0,00;0,00;0,00;2.680,00;4.771,00;4.324,00;5.821,00;4.054,00;4.091,00;1.548,00;3.358,00;992,00;0,00;257,00;0,00;0,00;0,00;0,00;2.904,00;23.206,00;41.070,00;28.779,00;41.660,00;52.000,00;36.036,00;158.788,00;187.685,00;126.844,00;118.123,00;118.118,00;67.394,00;165.697,00;98.728,00;0;183.818,00;79.922,00;0;178.683,00
119;br_Prosecco;Prosecco;0,00;0,00;0,00;0,00;0,00;0,00;0,00;0,00;0,00;0,00;0,00;0,00;7.771,00;8.211,00;9.327,00;108.830,00;122.524,00;235.512,00;449.028,00;401.705,00;364.665,00;266.752,00;249.335,00;319.841,00;358.042,00;269.092,00;325.159,00;319.186,00;249.502,00;228.568,00;455.579,00;365.590,00;360.238,00;341.380,00;395.644,00;789.457,00;917.214,00;910.158,00;1.930.887,00;2.169.397,00;1.345.161,00;2.720.048,00;2.420.715,00;2.852.648,00;3.030.347,00;3.319.779,00;1.873.735,00;3.342.655,00;4.018.371,00;0;4.393.451,00;184.218,00;0;7.856.145,61
120;br_Red Veltliner;Red Veltliner;0,00;0,00;0,00;0,00;0,00;0,00;0,00;0,00;0,00;0,00;0,00;1.156,00;4.240,00;1.499,00;2.440,00;4.689,00;2.522,00;654,00;1.512,00;0,00;0,00;0,00;0,00;0,00;5.917,00;9.016,00;10.527,00;0,00;0,00;0,00;0,00;0,00;0,00;0,00;0,00;0,00;0,00;0,00;0,00;0,00;0,00;0,00;0,00;0,00;0,00;0,00;0,00;0,00;0,00;0;0,00;0,00;0;0,00
121;br_Riesling Italico;Riesling Italico;413.149,00;404.159,00;304.688,00;402.329,00;1.413.722,00;1.549.553,00;1.505.603,00;1.782.484,00;1.609.807,00;1.886.081,00;2.360.144,00;3.447.930,00;3.752.318,00;3.402.460,00;4.557.416,00;7.207.668,00;4.267.206,00;8.110.697,00;10.052.438,00;9.385.386,00;11.632.192,00;7.151.423,00;7.351.738,00;7.711.434,00;8.114.641,00;8.708.541,00;8.270.792,00;8.184.477,00;4.532.556,00;6.573.788,00;8.855.066,00;5.573.372,00;3.821.716,00;3.135.257,00;2.964.308,00;3.496.056,00;1.901.717,00;1.960.822,00;2.698.892,00;2.466.530,00;2.120.405,00;2.618.429,00;3.172.992,00;3.069.854,00;2.705.224,00;3.468.606,00;1.697.248,00;4.283.929,00;3.724.926,00;0;3.020.102,00;20.399.648,00;0;4.642.665,90
122;br_Riesling Renano;Riesling Renano;0,00;0,00;0,00;0,00;0,00;0,00;0,00;0,00;0,00;0,00;0,00;0,00;0,00;0,00;5.224,00;163.005,00;426.596,00;0,00;1.505.571,00;2.105.616,00;501.972,00;456.345,00;987.266,00;1.388.349,00;480.873,00;831.082,00;609.615,00;616.675,00;859.540,00;479.779,00;380.135,00;212.917,00;154.533,00;95.021,00;282.012,00;252.740,00;213.256,00;242.940,00;243.690,00;90.530,00;96.828,00;125.166,00;195.120,00;99.230,00;94.276,00;153.605,00;53.550,00;105.100,00;121.020,00;0;108.260,00;13.385.970,00;0;126.736,45
123;br_Sauvignon Blanc(2);Sauvignon Blanc(2);2.819,00;5.492,00;49.244,00;12.886,00;71.812,00;43.487,00;66.163,00;1.161.046,00;1.267.449,00;710.596,00;677.739,00;880.228,00;122.285,00;109.219,00;65.207,00;190.061,00;250.087,00;251.663,00;387.957,00;594.507,00;764.746,00;964.644,00;677.896,00;1.108.383,00;1.061.444,00;1.007.060,00;945.476,00;1.022.535,00;722.142,00;840.555,00;1.156.987,00;805.245,00;544.973,00;441.667,00;690.146,00;738.053,00;606.465,00;618.034,00;608.983,00;657.286,00;350.866,00;612.060,00;855.045,00;633.633,00;515.939,00;614.222,00;295.942,00;677.028,00;517.760,00;0;818.549,00;728.633,00;0;818.121,85
124;br_Sauvignon Gris;Sauvignon Gris;0,00;0,00;0,00;0,00;0,00;0,00;0,00;0,00;0,00;0,00;0,00;0,00;0,00;0,00;0,00;0,00;0,00;0,00;0,00;0,00;0,00;0,00;0,00;0,00;0,00;0,00;0,00;0,00;0,00;0,00;0,00;0,00;0,00;0,00;0,00;0,00;0,00;3.213,00;5.534,00;2.147,00;3.629,00;8.513,00;2.854,00;3.737,00;921,00;1.504,00;0,00;0,00;0,00;0;1.028,00;0,00;0;0,00
125;br_Seara Nova;Seara Nova;0,00;0,00;0,00;0,00;0,00;0,00;0,00;0,00;0,00;0,00;0,00;0,00;5.300,00;165,00;425,00;1.640,00;965,00;2.273,00;5.965,00;5.941,00;9.338,00;6.958,00;17.061,00;17.691,00;53.320,00;90.957,00;90.729,00;72.809,00;3.707,00;9.550,00;18.890,00;9.120,00;0,00;824,00;6.597,00;3.900,00;0,00;0,00;0,00;0,00;0,00;0,00;0,00;0,00;0,00;0,00;0,00;0,00;0,00;0;0,00;0,00;0;0,00
126;br_Semillon;Semillon;1.916,00;0,00;5.172,00;20.447,00;91.675,00;99.569,00;227.838,00;371.084,00;969.832,00;1.125.402,00;1.150.235,00;1.547.289,00;2.699.929,00;2.868.842,00;3.930.216,00;7.393.292,00;6.503.648,00;6.382.755,00;9.118.811,00;8.974.449,00;9.189.656,00;4.808.084,00;4.049.116,00;4.720.136,00;4.777.683,00;4.168.130,00;4.078.162,00;3.656.512,00;2.794.570,00;2.710.748,00;4.310.660,00;2.778.595,00;2.037.827,00;1.129.580,00;1.284.398,00;1.375.957,00;600.858,00;408.016,00;562.371,00;382.995,00;165.518,00;312.204,00;336.252,00;335.323,00;149.939,00;177.672,00;57.635,00;188.211,00;225.952,00;0;193.760,00;4.000,00;0;112.905,00
127;br_Schonburger;Schonburger;0,00;0,00;0,00;0,00;0,00;0,00;0,00;0,00;0,00;0,00;0,00;0,00;0,00;0,00;0,00;0,00;0,00;0,00;0,00;0,00;0,00;0,00;0,00;0,00;0,00;0,00;0,00;0,00;0,00;0,00;0,00;0,00;0,00;0,00;0,00;2.155,00;6.505,00;15.239,00;17.687,00;16.930,00;0,00;14.538,00;21.348,00;14.087,00;5.194,00;0,00;0,00;7.454,00;14.354,00;0;14.499,00;5.500,00;0;12.687,00
128;br_Sylvaner;Sylvaner;0,00;0,00;0,00;0,00;0,00;0,00;0,00;0,00;159,00;1.774,00;5.468,00;11.068,00;14.451,00;34.377,00;41.038,00;73.591,00;66.793,00;51.359,00;112.726,00;141.263,00;166.398,00;105.962,00;120.621,00;142.734,00;134.300,00;88.474,00;54.173,00;46.259,00;764.782,00;84.391,00;129.489,00;50.867,00;54.811,00;14.085,00;11.273,00;12.927,00;4.530,00;4.693,00;6.587,00;492,00;0,00;1.435,00;144,00;155,00;0,00;0,00;0,00;0,00;0,00;0;0,00;0,00;0;2.342,00
129;br_Tocai Friulano;Tocai Friulano;0,00;0,00;0,00;0,00;0,00;0,00;0,00;0,00;0,00;0,00;0,00;0,00;0,00;0,00;0,00;923,00;1.821,00;619,00;124,00;3.467,00;3.118,00;6.143,00;3.122,00;8.198,00;7.904,00;6.530,00;3.357,00;811,00;675,00;752,00;0,00;0,00;0,00;0,00;0,00;0,00;0,00;0,00;0,00;0,00;0,00;0,00;0,00;0,00;0,00;0,00;0,00;0,00;0,00;0;0,00;0,00;0;6.150,00
130;br_Trebbiano;Trebbiano;7.277.270,00;12.225.175,00;9.579.813,00;5.722.394,00;10.863.544,00;14.335.368,00;14.078.518,00;15.228.827,00;14.379.466,00;16.868.971,00;13.100.126,00;17.883.890,00;20.630.475,00;13.105.231,00;17.582.216,00;24.178.593,00;16.567.251,00;12.854.969,00;23.541.232,00;21.370.782,00;18.845.488,00;13.065.462,00;10.465.345,00;8.890.736,00;8.807.970,00;7.282.643,00;5.201.279,00;6.147.074,00;5.416.678,00;4.189.110,00;5.413.475,00;3.158.394,00;2.430.532,00;1.454.210,00;2.043.524,00;1.974.463,00;1.376.390,00;1.711.643,00;1.846.212,00;1.578.176,00;1.338.957,00;2.439.317,00;2.576.020,00;2.876.041,00;3.342.859,00;3.830.336,00;2.083.491,00;3.892.478,00;4.504.485,00;0;4.682.326,00;67.720,00;0;5.954.818,45
131;br_Trebbiano Toscano;Trebbiano Toscano;0,00;0,00;0,00;0,00;0,00;0,00;0,00;0,00;0,00;0,00;0,00;0,00;0,00;0,00;0,00;0,00;0,00;0,00;0,00;0,00;0,00;0,00;0,00;0,00;0,00;0,00;0,00;0,00;0,00;0,00;0,00;0,00;0,00;0,00;0,00;0,00;0,00;0,00;0,00;0,00;0,00;0,00;0,00;0,00;0,00;0,00;2.694,00;100.047,00;18.110,00;0;122.512,00;184.310,00;0;139.845,00
132;br_Verdea;Verdea;0,00;6.184,00;0,00;1.864,00;3.216,00;4.264,00;2.648,00;0,00;1.252,00;182,00;0,00;0,00;305,00;1.315,00;0,00;0,00;809,00;0,00;0,00;0,00;0,00;0,00;0,00;0,00;24.667,00;0,00;1.837,00;0,00;0,00;0,00;0,00;0,00;52,00;0,00;60,00;4.620,00;0,00;0,00;0,00;0,00;0,00;0,00;0,00;0,00;0,00;0,00;0,00;0,00;0,00;0;0,00;0,00;0;0,00
133;br_Verdelho;Verdelho;0,00;0,00;0,00;0,00;0,00;0,00;0,00;0,00;0,00;0,00;0,00;0,00;0,00;0,00;0,00;7.900,00;7.785,00;0,00;0,00;0,00;0,00;0,00;0,00;0,00;0,00;0,00;0,00;0,00;0,00;0,00;0,00;0,00;0,00;0,00;0,00;0,00;0,00;0,00;0,00;0,00;0,00;12.420,00;14.339,00;0,00;0,00;0,00;0,00;0,00;1.800,00;0;1.540,00;15.503,00;0;2.080,00
134;br_Verdiso;Verdiso;7.950,00;770,00;0,00;0,00;0,00;0,00;0,00;0,00;0,00;0,00;11.497,00;10.279,00;24.470,00;9.251,00;46.048,00;23.684,00;0,00;0,00;5.895,00;0,00;970,00;0,00;2.670,00;0,00;0,00;0,00;0,00;1.250,00;0,00;1.654,00;1.435,00;1.370,00;0,00;0,00;0,00;0,00;0,00;0,00;0,00;0,00;0,00;0,00;0,00;0,00;0,00;0,00;0,00;0,00;0,00;0;0,00;0,00;0;0,00
135;br_Vermentino;Vermentino;20.461,00;6.097,00;8.945,00;6.153,00;8.954,00;7.070,00;6.478,00;5.649,00;3.802,00;3.848,00;2.446,00;2.487,00;717,00;17.866,00;29.380,00;32.124,00;22.409,00;22.566,00;43.631,00;40.395,00;29.830,00;22.976,00;29.997,00;31.240,00;28.165,00;38.338,00;16.910,00;20.335,00;1.130,00;12.833,00;17.835,00;11.510,00;8.960,00;7.612,00;6.090,00;6.340,00;1.040,00;660,00;3.090,00;1.940,00;560,00;5.480,00;4.844,00;3.220,00;1.890,00;790,00;0,00;0,00;0,00;0;0,00;0,00;0;28.218,00
136;br_Vernaccia;Vernaccia;122.467,00;190.297,00;111.691,00;65.995,00;114.553,00;135.975,00;142.787,00;170.590,00;108.824,00;252.585,00;197.401,00;366.796,00;428.996,00;383.615,00;826.441,00;1.450.663,00;978.903,00;1.124.796,00;1.701.470,00;1.300.388,00;1.603.877,00;1.147.439,00;821.716,00;940.415,00;898.589,00;674.738,00;458.887,00;509.954,00;319.538,00;315.739,00;501.737,00;258.814,00;125.716,00;128.334,00;94.237,00;57.162,00;34.760,00;32.672,00;21.146,00;14.498,00;6.520,00;4.930,00;3.780,00;7.970,00;4.150,00;4.760,00;0,00;5.100,00;4.020,00;0;95.680,00;0,00;0;800,00
137;br_Viogner ;Viogner ;0,00;0,00;0,00;0,00;0,00;0,00;0,00;0,00;0,00;0,00;0,00;0,00;0,00;0,00;0,00;0,00;0,00;0,00;0,00;0,00;0,00;0,00;0,00;0,00;0,00;0,00;0,00;0,00;0,00;0,00;0,00;0,00;0,00;0,00;0,00;0,00;0,00;0,00;0,00;0,00;0,00;0,00;0,00;0,00;0,00;0,00;0,00;0,00;0,00;0;0,00;0,00;0;21.794,25
138;br_Viognier;Viognier;0,00;0,00;0,00;0,00;0,00;0,00;0,00;0,00;0,00;0,00;0,00;0,00;0,00;0,00;0,00;0,00;0,00;0,00;0,00;0,00;0,00;0,00;0,00;0,00;0,00;0,00;0,00;0,00;0,00;0,00;0,00;0,00;0,00;0,00;570,00;3.219,00;16.581,00;37.628,00;41.338,00;49.935,00;76.145,00;144.979,00;200.288,00;247.081,00;149.333,00;285.217,00;95.231,00;365.103,00;470.555,00;0;531.026,00;78.305,00;0;974.004,64
139;br_Outras(3);Outras(3);2.126.291,00;1.148.313,00;648.335,00;334.680,00;200.652,00;270.015,00;2.089.793,00;1.875.445,00;231.860,00;0,00;0,00;0,00;0,00;0,00;0,00;26,00;793,00;1.304,00;5.724,00;0,00;0,00;26.796,00;0,00;16.341,00;18.318,00;0,00;34.280,00;49.983,00;0,00;410,00;73.487,00;23.457,00;240.894,00;258.677,00;0,00;0,00;0,00;0,00;0,00;0,00;0,00;0,00;0,00;0,00;0,00;0,00;0,00;0,00;0,00;0;0,00;0,00;0;0,00
